fips,unemp,year
1001,5.3,2016
1003,5.4,2016
1005,8.6,2016
1007,6.6,2016
1009,5.5,2016
1011,7.2,2016
1013,7.1,2016
1015,6.7,2016
1017,5.5,2016
1019,5.2,2016
1021,5.6,2016
1023,8.9,2016
1025,11.1,2016
1027,6.2,2016
1029,6.1,2016
1031,6.1,2016
1033,7,2016
1035,8.6,2016
1037,6.1,2016
1039,7,2016
1041,6,2016
1043,5.1,2016
1045,5.9,2016
1047,9.4,2016
1049,6.2,2016
1051,4.9,2016
1053,6.7,2016
1055,6,2016
1057,7,2016
1059,6.1,2016
1061,5.9,2016
1063,10.1,2016
1065,7.8,2016
1067,6.6,2016
1069,5.9,2016
1071,6.4,2016
1073,5.9,2016
1075,5.7,2016
1077,6.4,2016
1079,7,2016
1081,5.3,2016
1083,5.3,2016
1085,10.8,2016
1087,7.7,2016
1089,5.2,2016
1091,7.4,2016
1093,6.7,2016
1095,5.5,2016
1097,6.9,2016
1099,9.4,2016
1101,5.9,2016
1103,5.6,2016
1105,10.6,2016
1107,6.9,2016
1109,6.4,2016
1111,5.7,2016
1113,5.6,2016
1115,5.3,2016
1117,4.4,2016
1119,7.8,2016
1121,6.8,2016
1123,5.6,2016
1125,5.8,2016
1127,7.6,2016
1129,8.7,2016
1131,14.7,2016
1133,7.3,2016
2013,2.7,2016
2016,3.3,2016
2020,5.3,2016
2050,14.1,2016
2060,6.9,2016
2068,8.6,2016
2070,9.7,2016
2090,5.7,2016
2100,9.8,2016
2105,11.5,2016
2110,4.4,2016
2122,8.2,2016
2130,6.2,2016
2150,5,2016
2158,21.3,2016
2164,12.3,2016
2170,8.1,2016
2180,12.5,2016
2185,6.5,2016
2188,15.7,2016
2195,8.6,2016
2198,11.7,2016
2220,4.3,2016
2230,10.6,2016
2240,10.2,2016
2261,8.2,2016
2275,7.3,2016
2282,8.1,2016
2290,17.2,2016
4001,11.3,2016
4003,6.1,2016
4005,5.9,2016
4007,7.2,2016
4009,6.7,2016
4011,7.6,2016
4012,6,2016
4013,4.5,2016
4015,6.6,2016
4017,8.1,2016
4019,4.9,2016
4021,5.5,2016
4023,9.9,2016
4025,4.9,2016
4027,18.6,2016
5001,3.5,2016
5003,6.3,2016
5005,4.3,2016
5007,2.9,2016
5009,3.7,2016
5011,5.2,2016
5013,4.7,2016
5015,3.6,2016
5017,6.6,2016
5019,4.5,2016
5021,5.7,2016
5023,6,2016
5025,4.6,2016
5027,5.8,2016
5029,5.8,2016
5031,3.3,2016
5033,3.9,2016
5035,4.6,2016
5037,4.5,2016
5039,5,2016
5041,5.5,2016
5043,5.8,2016
5045,3.8,2016
5047,4.1,2016
5049,4.4,2016
5051,4.3,2016
5053,3.6,2016
5055,4.3,2016
5057,3.8,2016
5059,4,2016
5061,3.3,2016
5063,5,2016
5065,5.6,2016
5067,6.2,2016
5069,5.6,2016
5071,4.8,2016
5073,5.9,2016
5075,4.4,2016
5077,4.8,2016
5079,4.9,2016
5081,4.7,2016
5083,4.6,2016
5085,3.4,2016
5087,3.2,2016
5089,4,2016
5091,4.2,2016
5093,6.8,2016
5095,4.9,2016
5097,5.3,2016
5099,3.7,2016
5101,3.9,2016
5103,5.1,2016
5105,4.8,2016
5107,5.9,2016
5109,4.3,2016
5111,4.3,2016
5113,4.9,2016
5115,4.6,2016
5117,3.9,2016
5119,3.6,2016
5121,4.7,2016
5123,5.2,2016
5125,3.2,2016
5127,3.8,2016
5129,4.5,2016
5131,3.7,2016
5133,5,2016
5135,5.5,2016
5137,5.2,2016
5139,5.5,2016
5141,7,2016
5143,2.7,2016
5145,5.2,2016
5147,5.5,2016
5149,4.5,2016
6001,4.2,2016
6003,6.5,2016
6005,5.9,2016
6007,6.5,2016
6009,5.6,2016
6011,15.5,2016
6013,4.4,2016
6015,7.5,2016
6017,5.1,2016
6019,9.4,2016
6021,8.2,2016
6023,4.9,2016
6025,23.5,2016
6027,5.2,2016
6029,10.3,2016
6031,10,2016
6033,6.6,2016
6035,6.9,2016
6037,5.2,2016
6039,9.2,2016
6041,3.2,2016
6043,6.9,2016
6045,5.2,2016
6047,10.5,2016
6049,7.8,2016
6051,5.3,2016
6053,7.6,2016
6055,4.3,2016
6057,4.7,2016
6059,4,2016
6061,4.4,2016
6063,9.6,2016
6065,6.1,2016
6067,5.4,2016
6069,6.8,2016
6071,5.7,2016
6073,4.7,2016
6075,3.3,2016
6077,8.1,2016
6079,4.3,2016
6081,3,2016
6083,5,2016
6085,3.8,2016
6087,6.9,2016
6089,6.9,2016
6091,7.6,2016
6093,8.5,2016
6095,5.5,2016
6097,4,2016
6099,8.5,2016
6101,9.6,2016
6103,7.1,2016
6105,7.1,2016
6107,11,2016
6109,6.2,2016
6111,5.2,2016
6113,5.8,2016
6115,8.5,2016
8001,3.6,2016
8003,4.1,2016
8005,3.1,2016
8007,3.3,2016
8009,1.7,2016
8011,3.1,2016
8013,2.7,2016
8014,2.9,2016
8015,2.7,2016
8017,2.3,2016
8019,3.2,2016
8021,4.9,2016
8023,4.9,2016
8025,3.6,2016
8027,3.2,2016
8029,5,2016
8031,3.1,2016
8033,4,2016
8035,2.7,2016
8037,2.8,2016
8039,2.7,2016
8041,3.8,2016
8043,5.3,2016
8045,3.6,2016
8047,2.4,2016
8049,2.7,2016
8051,2.3,2016
8053,2.3,2016
8055,6.4,2016
8057,2.7,2016
8059,3,2016
8061,2.1,2016
8063,2.1,2016
8065,2.9,2016
8067,2.9,2016
8069,2.8,2016
8071,5.2,2016
8073,2.6,2016
8075,3,2016
8077,5.4,2016
8079,2.2,2016
8081,4,2016
8083,5,2016
8085,4.2,2016
8087,3.5,2016
8089,4.8,2016
8091,3.8,2016
8093,2.8,2016
8095,2,2016
8097,3.4,2016
8099,3.3,2016
8101,4.9,2016
8103,5.1,2016
8105,5.1,2016
8107,2.7,2016
8109,4.9,2016
8111,3.8,2016
8113,3.3,2016
8115,2.4,2016
8117,2.1,2016
8119,3.8,2016
8121,2.2,2016
8123,3.4,2016
8125,2.2,2016
9001,4.8,2016
9003,5.3,2016
9005,4.6,2016
9007,4.4,2016
9009,5.5,2016
9011,5,2016
9013,4.4,2016
9015,5.5,2016
10001,4.7,2016
10003,4.3,2016
10005,4.4,2016
11001,6,2016
12001,4.3,2016
12003,4.9,2016
12005,4.9,2016
12007,4.3,2016
12009,5.2,2016
12011,4.6,2016
12013,5.7,2016
12015,5.3,2016
12017,6.8,2016
12019,4.5,2016
12021,4.8,2016
12023,4.8,2016
12027,5.2,2016
12029,5.5,2016
12031,5,2016
12033,4.9,2016
12035,5.5,2016
12037,4.3,2016
12039,6.3,2016
12041,5.1,2016
12043,6.2,2016
12045,4.5,2016
12047,5.6,2016
12049,6.7,2016
12051,9.1,2016
12053,6.1,2016
12055,6.6,2016
12057,4.5,2016
12059,5.4,2016
12061,6.2,2016
12063,5.3,2016
12065,5.3,2016
12067,4.1,2016
12069,4.9,2016
12071,4.6,2016
12073,4.6,2016
12075,5.2,2016
12077,5.3,2016
12079,5.3,2016
12081,4.6,2016
12083,5.8,2016
12085,4.9,2016
12086,5.4,2016
12087,3.2,2016
12089,4.6,2016
12091,4,2016
12093,5.4,2016
12095,4.4,2016
12097,5,2016
12099,4.8,2016
12101,5.2,2016
12103,4.4,2016
12105,5.6,2016
12107,6.3,2016
12109,3.7,2016
12111,5.7,2016
12113,4.5,2016
12115,4.6,2016
12117,4.3,2016
12119,7,2016
12121,4.9,2016
12123,5.5,2016
12125,4.4,2016
12127,5.1,2016
12129,4.1,2016
12131,4.3,2016
12133,5.2,2016
13001,6.4,2016
13003,5.2,2016
13005,5.3,2016
13007,7.7,2016
13009,6.8,2016
13011,4.9,2016
13013,4.7,2016
13015,5.1,2016
13017,8.1,2016
13019,6.2,2016
13021,6,2016
13023,7.2,2016
13025,6.7,2016
13027,5.2,2016
13029,4.9,2016
13031,5.7,2016
13033,7.6,2016
13035,5.6,2016
13037,5.8,2016
13039,5.7,2016
13043,4.9,2016
13045,6,2016
13047,4.8,2016
13049,5.8,2016
13051,5.2,2016
13053,8.4,2016
13055,6.2,2016
13057,4.2,2016
13059,5.6,2016
13061,10.5,2016
13063,6.6,2016
13065,6.2,2016
13067,4.6,2016
13069,5.9,2016
13071,5.3,2016
13073,4.7,2016
13075,5.4,2016
13077,5,2016
13079,5.9,2016
13081,6.1,2016
13083,5.1,2016
13085,4.7,2016
13087,6.7,2016
13089,5.4,2016
13091,7.4,2016
13093,5.8,2016
13095,6.9,2016
13097,5.5,2016
13099,7,2016
13101,4.3,2016
13103,4.9,2016
13105,6.5,2016
13107,7.8,2016
13109,5,2016
13111,5.3,2016
13113,4.7,2016
13115,6,2016
13117,4.2,2016
13119,5.3,2016
13121,5.4,2016
13123,5.6,2016
13125,6.1,2016
13127,5.3,2016
13129,5.7,2016
13131,5.5,2016
13133,5.8,2016
13135,4.7,2016
13137,5.3,2016
13139,4.5,2016
13141,8.4,2016
13143,5.8,2016
13145,5,2016
13147,5.5,2016
13149,5.9,2016
13151,5.5,2016
13153,5.4,2016
13155,7.7,2016
13157,4.2,2016
13159,4.8,2016
13161,6.3,2016
13163,7.5,2016
13165,7.6,2016
13167,6.2,2016
13169,4.9,2016
13171,6.5,2016
13173,5.7,2016
13175,6.7,2016
13177,4.8,2016
13179,5.8,2016
13181,5.9,2017
13183,5.5,2017
13185,5.2,2017
13187,4.9,2017
13189,7.2,2017
13191,5.8,2017
13193,8.3,2017
13195,5,2017
13197,7.4,2017
13199,6.8,2017
13201,5.5,2017
13205,6.6,2017
13207,5.2,2017
13209,7.6,2017
13211,5,2017
13213,6.9,2017
13215,6.9,2017
13217,6,2017
13219,4.1,2017
13221,4.9,2017
13223,4.6,2017
13225,6.9,2017
13227,4.9,2017
13229,5.4,2017
13231,5.2,2017
13233,6.1,2017
13235,5.9,2017
13237,7,2017
13239,7.4,2017
13241,5.9,2017
13243,8.5,2017
13245,6.7,2017
13247,5.7,2017
13249,6.4,2017
13251,7.6,2017
13253,7.9,2017
13255,6.8,2017
13257,5.9,2017
13259,6.6,2017
13261,7.7,2017
13263,6.7,2017
13265,6.5,2017
13267,5.4,2017
13269,7.2,2017
13271,8.6,2017
13273,6.6,2017
13275,6.4,2017
13277,5.5,2017
13279,7.8,2017
13281,6.7,2017
13283,7.8,2017
13285,5.1,2017
13287,6.6,2017
13289,8.7,2017
13291,4.7,2017
13293,6.5,2017
13295,5.6,2017
13297,4.9,2017
13299,5.5,2017
13301,7,2017
13303,6.4,2017
13305,6.7,2017
13307,8.8,2017
13309,9.1,2017
13311,4.6,2017
13313,5.9,2017
13315,7,2017
13317,6.3,2017
13319,6.3,2017
13321,5.9,2017
15001,3.8,2017
15003,2.8,2017
15007,3.3,2017
15009,3.2,2017
16001,3.3,2017
16003,7.1,2017
16005,3.5,2017
16007,4.6,2017
16009,6.2,2017
16011,3.6,2017
16013,3.2,2017
16015,5.5,2017
16017,5.5,2017
16019,3.2,2017
16021,5.3,2017
16023,4.1,2017
16025,3.8,2017
16027,4.4,2017
16029,3.7,2017
16031,3,2017
16033,3.5,2017
16035,7.5,2017
16037,5.2,2017
16039,4.2,2017
16041,3.1,2017
16043,3.4,2017
16045,4.7,2017
16047,3.1,2017
16049,5.7,2017
16051,3.1,2017
16053,3.1,2017
16055,4.8,2017
16057,3.3,2017
16059,6.3,2017
16061,6.5,2017
16063,4.5,2017
16065,2.5,2017
16067,3.3,2017
16069,3.4,2017
16071,3.7,2017
16073,4.5,2017
16075,4.7,2017
16077,4.2,2017
16079,7.3,2017
16081,3.2,2017
16083,3.4,2017
16085,5.6,2017
16087,5.7,2017
17001,4.8,2017
17003,9.2,2017
17005,5.1,2017
17007,6.3,2017
17009,3.4,2017
17011,6.1,2017
17013,6.3,2017
17015,5.7,2017
17017,5.6,2017
17019,5.1,2017
17021,6.3,2017
17023,5.9,2017
17025,6.8,2017
17027,4.5,2017
17029,5.9,2017
17031,6.2,2017
17033,6.2,2017
17035,5.2,2017
17037,5.4,2017
17039,5.7,2017
17041,4.7,2017
17043,4.8,2017
17045,6,2017
17047,5.8,2017
17049,4.7,2017
17051,6.7,2017
17053,5.5,2017
17055,8.1,2017
17057,7.4,2017
17059,7.6,2017
17061,5.9,2017
17063,6.8,2017
17065,6.3,2017
17067,6.6,2017
17069,9.8,2017
17071,6.2,2017
17073,6.1,2017
17075,5.5,2017
17077,5.4,2017
17079,6.3,2017
17081,6.5,2017
17083,5.8,2017
17085,5.4,2017
17087,8.6,2017
17089,5.5,2017
17091,6.4,2017
17093,5.2,2017
17095,6.1,2017
17097,5.2,2017
17099,6.7,2017
17101,7.5,2017
17103,5.1,2017
17105,5.5,2017
17107,5.3,2017
17109,6.3,2017
17111,5.3,2017
17113,5.1,2017
17115,6.6,2017
17117,6,2017
17119,5.9,2017
17121,6.4,2017
17123,6.6,2017
17125,7.1,2017
17127,7,2017
17129,4.6,2017
17131,6.2,2017
17133,4.1,2017
17135,7.1,2017
17137,4.9,2017
17139,4.6,2017
17141,5.9,2017
17143,6.8,2017
17145,7.1,2017
17147,5,2017
17149,5.1,2017
17151,7,2017
17153,8.8,2017
17155,5.6,2017
17157,5,2017
17159,6,2017
17161,6.3,2017
17163,6.1,2017
17165,8.6,2017
17167,4.9,2017
17169,5.8,2017
17171,5.6,2017
17173,5.8,2017
17175,7.2,2017
17177,5.8,2017
17179,6.3,2017
17181,7.4,2017
17183,7.2,2017
17185,6.4,2017
17187,5.3,2017
17189,3.8,2017
17191,8.6,2017
17193,6.6,2017
17195,5.8,2017
17197,6.1,2017
17199,6.2,2017
17201,6.6,2017
17203,5.4,2017
18001,3.6,2017
18003,4.3,2017
18005,3.4,2017
18007,4.2,2017
18009,5.4,2017
18011,3.4,2017
18013,4,2017
18015,4.2,2017
18017,4.7,2017
18019,4.1,2017
18021,4.7,2017
18023,3.9,2017
18025,5.6,2017
18027,3.6,2017
18029,4.7,2017
18031,3.6,2017
18033,3.9,2017
18035,5.2,2017
18037,3.1,2017
18039,3.5,2017
18041,5.8,2017
18043,4.1,2017
18045,5.8,2017
18047,4.3,2017
18049,4.7,2017
18051,3.7,2017
18053,5,2017
18055,6.6,2017
18057,3.2,2017
18059,3.8,2017
18061,4.2,2017
18063,3.5,2017
18065,4.6,2017
18067,4.7,2017
18069,4.1,2017
18071,3.7,2017
18073,5.3,2017
18075,4.6,2017
18077,4.7,2017
18079,4.8,2017
18081,3.6,2017
18083,4.4,2017
18085,3.7,2017
18087,3.4,2017
18089,6.3,2017
18091,5.9,2017
18093,5.7,2017
18095,5,2017
18097,4.4,2017
18099,3.8,2017
18101,4.2,2017
18103,4.7,2017
18105,4.6,2017
18107,3.9,2017
18109,4.2,2017
18111,5.6,2017
18113,4.1,2017
18115,4.9,2017
18117,5.1,2017
18119,5.5,2017
18121,5.3,2017
18123,4.6,2017
18125,4.4,2017
18127,5.1,2017
18129,4,2017
18131,4.6,2017
18133,4.5,2017
18135,4.5,2017
18137,4.6,2017
18139,3.8,2017
18141,4.5,2017
18143,4.8,2017
18145,4,2017
18147,4.1,2017
18149,5.4,2017
18151,3.7,2017
18153,5.9,2017
18155,4.9,2017
18157,4,2017
18159,3.9,2017
18161,4,2017
18163,4.1,2017
18165,6.6,2017
18167,5.4,2017
18169,4.3,2017
18171,4.9,2017
18173,4.1,2017
18175,4.5,2017
18177,4.8,2017
18179,3.6,2017
18181,4,2017
18183,3.9,2017
19001,3,2017
19003,2.7,2017
19005,5,2017
19007,4.8,2017
19009,3.3,2017
19011,3.6,2017
19013,4.7,2017
19015,2.8,2017
19017,3.7,2017
19019,4.2,2017
19021,3.6,2017
19023,4.4,2017
19025,3.9,2017
19027,2.6,2017
19029,3.3,2017
19031,3.4,2017
19033,3.7,2017
19035,3.7,2017
19037,4.5,2017
19039,3.4,2017
19041,3.9,2017
19043,4.3,2017
19045,5,2017
19047,5.6,2017
19049,2.7,2017
19051,4.3,2017
19053,3.3,2017
19055,3.5,2017
19057,5,2017
19059,4.4,2017
19061,3.6,2017
19063,4.3,2017
19065,4.5,2017
19067,3.7,2017
19069,3.5,2017
19071,3.3,2017
19073,3.2,2017
19075,3.5,2017
19077,3.6,2017
19079,3.8,2017
19081,2.7,2017
19083,4,2017
19085,3.4,2017
19087,3.6,2017
19089,3.7,2017
19091,2.9,2017
19093,2.6,2017
19095,3.1,2017
19097,4.2,2017
19099,3.6,2017
19101,3.7,2017
19103,2.6,2017
19105,4.3,2017
19107,4.4,2017
19109,2.7,2017
19111,6.2,2017
19113,3.7,2017
19115,4,2017
19117,3.2,2017
19119,2.1,2017
19121,3.6,2017
19123,3.8,2017
19125,3.1,2017
19127,4.9,2017
19129,3.7,2017
19131,2.7,2017
19133,4.2,2017
19135,4.7,2017
19137,3.6,2017
19139,3.9,2017
19141,2.8,2017
19143,2.7,2017
19145,5.1,2017
19147,3.2,2017
19149,2.6,2017
19151,2.9,2017
19153,3.5,2017
19155,3.4,2017
19157,3.5,2017
19159,3.5,2017
19161,3.1,2017
19163,4.6,2017
19165,3,2017
19167,2.3,2017
19169,2.4,2017
19171,4.2,2017
19173,3,2017
19175,3.8,2017
19177,3.7,2017
19179,5.9,2017
19181,3.2,2017
19183,3,2017
19185,3.9,2017
19187,4,2017
19189,3.5,2017
19191,3.6,2017
19193,3.6,2017
19195,3.5,2017
19197,4.2,2017
20001,5.9,2017
20003,4.5,2017
20005,6.4,2017
20007,4.1,2017
20009,4.7,2017
20011,5.1,2017
20013,3.9,2017
20015,4.3,2017
20017,3.7,2017
20019,5.5,2017
20021,4.6,2017
20023,2.9,2017
20025,2.9,2017
20027,4.5,2017
20029,4.5,2017
20031,6.3,2017
20033,3.4,2017
20035,4.6,2017
20037,5,2017
20039,4.2,2017
20041,4.6,2017
20043,4.1,2017
20045,3.6,2017
20047,3.1,2017
20049,5.3,2017
20051,3.2,2017
20053,4.2,2017
20055,3.2,2017
20057,3.3,2017
20059,4.3,2017
20061,5.8,2017
20063,2.6,2017
20065,5,2017
20067,3.8,2017
20069,2.3,2017
20071,2.3,2017
20073,5.2,2017
20075,2.7,2017
20077,3.9,2017
20079,4.4,2017
20081,2.7,2017
20083,2.9,2017
20085,3.6,2017
20087,4.1,2017
20089,4.7,2017
20091,3.3,2017
20093,3.3,2017
20095,4.7,2017
20097,2.9,2017
20099,5.7,2017
20101,3.4,2017
20103,4.4,2017
20105,3.8,2017
20107,6.7,2017
20109,2.8,2017
20111,4.2,2017
20113,3.3,2017
20115,4.3,2017
20117,3.2,2017
20119,2.9,2017
20121,4.3,2017
20123,3.6,2017
20125,6.4,2017
20127,4.1,2017
20129,4.1,2017
20131,2.8,2017
20133,7.5,2017
20135,3.8,2017
20137,2.6,2017
20139,4.6,2017
20141,3.7,2017
20143,4,2017
20145,3.6,2017
20147,3.2,2017
20149,3.5,2017
20151,4.3,2017
20153,2.6,2017
20155,4.6,2017
20157,2.9,2017
20159,4.2,2017
20161,3.3,2017
20163,5.2,2017
20165,4.2,2017
20167,4.5,2017
20169,3.8,2017
20171,2.6,2017
20173,4.8,2017
20175,4.6,2017
20177,4.1,2017
20179,2.6,2017
20181,3.5,2017
20183,3.5,2017
20185,4.1,2017
20187,3.1,2017
20189,4.4,2017
20191,4.4,2017
20193,2.9,2017
20195,4.2,2017
20197,3.8,2017
20199,2.9,2017
20201,3.5,2017
20203,2.5,2017
20205,6.4,2017
20207,6.2,2017
20209,5.7,2017
21001,6.6,2017
21003,4.2,2017
21005,4,2017
21007,8.6,2017
21009,4.6,2017
21011,7.2,2017
21013,9,2017
21015,3.8,2017
21017,4.7,2017
21019,8.1,2017
21021,4.9,2017
21023,6,2017
21025,9.4,2017
21027,6,2017
21029,4.1,2017
21031,5.3,2017
21033,5.3,2017
21035,4.5,2017
21037,3.8,2017
21039,5.9,2017
21041,5,2017
21043,10.2,2017
21045,4.6,2017
21047,6,2017
21049,4.7,2017
21051,9.6,2017
21053,7.3,2017
21055,5,2017
21057,5.5,2017
21059,4.5,2017
21061,6.1,2017
21063,10.9,2017
21065,5.7,2017
21067,3.5,2017
21069,5.9,2017
21071,10.9,2017
21073,4,2017
21075,6.8,2017
21077,4.8,2017
21079,4.7,2017
21081,4.9,2017
21083,6,2017
21085,6.4,2017
21087,4.4,2017
21089,8.6,2017
21091,5.4,2017
21093,4.4,2017
21095,12.1,2017
21097,4.6,2017
21099,4.6,2017
21101,4.7,2017
21103,4.1,2017
21105,5.6,2017
21107,5.5,2017
21109,7.5,2017
21111,4.4,2017
21113,3.8,2017
21115,9.6,2017
21117,4.1,2017
21119,11.2,2017
21121,7.9,2017
21123,4.5,2017
21125,6.1,2017
21127,10.4,2017
21129,9.2,2017
21131,13,2017
21133,11.9,2017
21135,9.2,2017
21137,6,2017
21139,7,2017
21141,4.2,2017
21143,5.6,2017
21145,5.7,2017
21147,7.7,2017
21149,4.8,2017
21151,4.1,2017
21153,18.8,2017
21155,4.1,2017
21157,5.6,2017
21159,10.1,2017
21161,6.1,2017
21163,5,2017
21165,8.4,2017
21167,4.7,2017
21169,4.5,2017
21171,4,2017
21173,6.3,2017
21175,7.8,2017
21177,7,2017
21179,4.5,2017
21181,5.4,2017
21183,6.5,2017
21185,3.4,2017
21187,4.1,2017
21189,9.4,2017
21191,4.8,2017
21193,10.5,2017
21195,10.8,2017
21197,7,2017
21199,5.3,2017
21201,5.9,2017
21203,5.9,2017
21205,5.5,2017
21207,8.3,2017
21209,3.7,2017
21211,3.5,2017
21213,4.4,2017
21215,3.8,2017
21217,5.1,2017
21219,4.2,2017
21221,5.6,2017
21223,5.3,2017
21225,6.7,2017
21227,3.9,2017
21229,4.1,2017
21231,7.3,2017
21233,5.9,2017
21235,6.5,2017
21237,9.7,2017
21239,3.2,2017
22001,7.4,2017
22003,6.4,2017
22005,4.9,2017
22007,8.5,2017
22009,7.1,2017
22011,6,2017
22013,7.7,2017
22015,5.4,2017
22017,6.6,2017
22019,4.8,2017
22021,7.6,2017
22023,4.4,2017
22025,9.3,2017
22027,6.7,2017
22029,8.3,2017
22031,7.4,2017
22033,5.1,2017
22035,11.7,2017
22037,5.7,2017
22039,7.4,2017
22041,9.1,2017
22043,7,2017
22045,9.4,2017
22047,6.8,2017
22049,5.7,2017
22051,5.3,2017
22053,6,2017
22055,6.2,2017
22057,6.3,2017
22059,6.6,2017
22061,6.5,2017
22063,5.1,2017
22065,9,2017
22067,9.8,2017
22069,7,2017
22071,5.9,2017
22073,6.1,2017
22075,5.3,2017
22077,6.5,2017
22079,6.1,2017
22081,6.1,2017
22083,7.4,2017
22085,6.9,2017
22087,6.1,2017
22089,5.3,2017
22091,7.6,2017
22093,7.5,2017
22095,6.8,2017
22097,8.1,2017
22099,7.8,2017
22101,9.4,2017
22103,5,2017
22105,6.7,2017
22107,9.9,2017
22109,7,2017
22111,6.5,2017
22113,7.7,2017
22115,7.3,2017
22117,7,2017
22119,8.6,2017
22121,5.3,2017
22123,11.9,2017
22125,5.1,2017
22127,7.8,2017
23001,3.6,2017
23003,5.7,2017
23005,2.9,2017
23007,4.4,2017
23009,4.7,2017
23011,3.6,2017
23013,3.6,2017
23015,3.8,2017
23017,4.8,2017
23019,4.4,2017
23021,5.4,2017
23023,3,2017
23025,5.8,2017
23027,4.2,2017
23029,6.2,2017
23031,3.4,2017
24001,6.1,2017
24003,3.7,2017
24005,4.5,2017
24009,3.8,2017
24011,4.7,2017
24013,3.5,2017
24015,5.1,2017
24017,4.2,2017
24019,6,2017
24021,3.7,2017
24023,5.5,2017
24025,4.1,2017
24027,3.2,2017
24029,4.7,2017
24031,3.3,2017
24033,4.4,2017
24035,3.8,2017
24037,4.1,2017
24039,7,2017
24041,4.1,2017
24043,4.9,2017
24045,6,2017
24047,9,2017
24510,6.3,2017
25001,4.7,2017
25003,4.3,2017
25005,4.7,2017
25007,5,2017
25009,3.8,2017
25011,3.3,2017
25013,5,2017
25015,3.3,2017
25017,3,2017
25019,4.2,2017
25021,3.2,2017
25023,3.9,2017
25025,3.4,2017
25027,3.9,2017
26001,7.4,2017
26003,8,2017
26005,3.7,2017
26007,5.7,2017
26009,6.8,2017
26011,8.1,2017
26013,7.9,2017
26015,3.8,2017
26017,5.2,2017
26019,6.4,2017
26021,4.8,2017
26023,4.6,2017
26025,4.6,2017
26027,4.6,2017
26029,5.3,2017
26031,9,2017
26033,7.4,2017
26035,7.2,2017
26037,3.6,2017
26039,7.4,2017
26041,6.3,2017
26043,5.2,2017
26045,4,2017
26047,6.2,2017
26049,5.4,2017
26051,6.8,2017
26053,6.5,2017
26055,4.1,2017
26057,5,2017
26059,4.9,2017
26061,5.9,2017
26063,5,2017
26065,4.1,2017
26067,4.1,2017
26069,7.1,2017
26071,6.5,2017
26073,4.5,2017
26075,4.7,2017
26077,3.9,2017
26079,6.9,2017
26081,3.4,2017
26083,8.4,2017
26085,7.3,2017
26087,6.5,2017
26089,4.7,2017
26091,4.5,2017
26093,4.2,2017
26095,6.5,2017
26097,9.4,2017
26099,5.3,2017
26101,6.3,2017
26103,5.6,2017
26105,5.6,2017
26107,5.4,2017
26109,5.6,2017
26111,4.5,2017
26113,5.7,2017
26115,4.3,2017
26117,5,2017
26119,9.7,2017
26121,5.2,2017
26123,4.7,2017
26125,4.2,2017
26127,7.1,2017
26129,7.5,2017
26131,8.3,2017
26133,5.5,2017
26135,7.2,2017
26137,5.7,2017
26139,3.2,2017
26141,9.2,2017
26143,8.1,2017
26145,5.1,2017
26147,6.2,2017
26149,4,2017
26151,6,2017
26153,9.1,2017
26155,5.1,2017
26157,6.1,2017
26159,5.5,2017
26161,3.4,2017
26163,6.4,2017
26165,5.6,2017
27001,7,2017
27003,3.8,2017
27005,4.7,2017
27007,5.3,2017
27009,4.5,2017
27011,4.9,2017
27013,3.2,2017
27015,4.1,2017
27017,5.4,2017
27019,3.3,2017
27021,6.7,2017
27023,4.5,2017
27025,4.4,2017
27027,3.5,2017
27029,9.6,2017
27031,4.6,2017
27033,7.3,2017
27035,5.1,2017
27037,3.4,2017
27039,3.8,2017
27041,3.5,2017
27043,4.4,2017
27045,4.1,2017
27047,3.9,2017
27049,3.8,2017
27051,4.7,2017
27053,3.4,2017
27055,4,2017
27057,6.5,2017
27059,4.7,2017
27061,8.7,2017
27063,4.5,2017
27065,6.6,2017
27067,3.8,2017
27069,4.7,2017
27071,8.5,2017
27073,4.3,2017
27075,6.5,2017
27077,4.7,2017
27079,4.9,2017
27081,3.6,2017
27083,3.6,2017
27085,4.5,2017
27087,5.7,2017
27089,7.4,2017
27091,4.2,2017
27093,4.5,2017
27095,6,2017
27097,5.7,2017
27099,3.2,2017
27101,4.8,2017
27103,2.8,2017
27105,3.8,2017
27107,4.9,2017
27109,3,2017
27111,4.4,2017
27113,5.8,2017
27115,5.9,2017
27117,3.9,2017
27119,4.4,2017
27121,3.6,2017
27123,3.6,2017
27125,7.2,2017
27127,4.1,2017
27129,5.3,2017
27131,3.5,2017
27133,2.3,2017
27135,5.1,2017
27137,5.8,2017
27139,3.3,2017
27141,4.1,2017
27143,4.3,2017
27145,3.8,2017
27147,3.6,2017
27149,3,2017
27151,5.3,2017
27153,4.7,2017
27155,3.7,2017
27157,3.7,2017
27159,6,2017
27161,4.3,2017
27163,3.4,2017
27165,5,2017
27167,3.3,2017
27169,3.6,2017
27171,3.9,2017
27173,3.9,2017
28001,8.3,2017
28003,5.2,2017
28005,7.4,2017
28007,6.7,2017
28009,6.7,2017
28011,7.3,2017
28013,5.4,2017
28015,7.5,2017
28017,6.6,2017
28019,5.7,2017
28021,11.4,2017
28023,6.8,2017
28025,8.1,2017
28027,8.8,2017
28029,6.5,2017
28031,5.5,2017
28033,4.2,2017
28035,5.7,2017
28037,7.2,2017
28039,7.4,2017
28041,7.3,2017
28043,5.2,2017
28045,6.1,2017
28047,5.5,2017
28049,5.4,2017
28051,11,2017
28053,11.4,2017
28055,14.3,2017
28057,5,2017
28059,6.5,2017
28061,7.7,2017
28063,14.9,2017
28065,8.3,2017
28067,6.1,2017
28069,8.7,2017
28071,4.8,2017
28073,4.5,2017
28075,5.9,2017
28077,7.1,2017
28079,6.1,2017
28081,4.8,2017
28083,9.3,2017
28085,5.7,2017
28087,6.2,2017
28089,4.3,2017
28091,6.6,2017
28093,6,2017
28095,6.3,2017
28097,6.4,2017
28099,5.8,2017
28101,6,2017
28103,8.3,2017
28105,5.5,2017
28107,7.4,2017
28109,6,2017
28111,7.1,2017
28113,6.8,2017
28115,4.8,2017
28117,5.5,2017
28119,9.7,2017
28121,4,2017
28123,4.6,2017
28125,8.9,2017
28127,5.4,2017
28129,5.3,2017
28131,6.7,2017
28133,9.5,2017
28135,6.8,2017
28137,5.8,2017
28139,5.5,2017
28141,5.5,2017
28143,7.1,2017
28145,4.4,2017
28147,7.7,2017
28149,6.4,2017
28151,9,2017
28153,7.3,2017
28155,6.3,2017
28157,10.2,2017
28159,7.1,2017
28161,6.2,2017
28163,7.4,2017
29001,5.7,2017
29003,3.8,2017
29005,4.6,2017
29007,4.2,2017
29009,4.5,2017
29011,5.2,2017
29013,5.3,2017
29015,6.1,2017
29017,5.1,2017
29019,3.2,2017
29021,4.1,2017
29023,5.7,2017
29025,4.6,2017
29027,4.1,2017
29029,5.7,2017
29031,4.3,2017
29033,5.4,2017
29035,7,2017
29037,4.1,2017
29039,5,2017
29041,4.3,2017
29043,3.9,2017
29045,7.3,2017
29047,3.9,2017
29049,4.2,2017
29051,3.6,2017
29053,4.9,2017
29055,5.3,2017
29057,4.4,2017
29059,5.5,2017
29061,3.8,2017
29063,4.4,2017
29065,5.4,2017
29067,6.1,2017
29069,8.2,2017
29071,4.4,2017
29073,4.3,2017
29075,3.7,2017
29077,3.8,2017
29079,4.6,2017
29081,4.2,2017
29083,5,2017
29085,5.6,2017
29087,3.3,2017
29089,4.4,2017
29091,6.3,2017
29093,7.1,2017
29095,5.1,2017
29097,4.1,2017
29099,4.3,2017
29101,4.9,2017
29103,3.5,2017
29105,5.5,2017
29107,4.3,2017
29109,4.3,2017
29111,4.5,2017
29113,4.5,2017
29115,6.8,2017
29117,3.9,2017
29119,4.3,2017
29121,4.8,2017
29123,5.5,2017
29125,5,2017
29127,4.3,2017
29129,4.6,2017
29131,5.2,2017
29133,6.6,2017
29135,4.3,2017
29137,4.8,2017
29139,4.6,2017
29141,5.8,2017
29143,9.3,2017
29145,4.3,2017
29147,4.6,2017
29149,6.1,2017
29151,3.4,2017
29153,7.3,2017
29155,8.9,2017
29157,3.5,2017
29159,4.9,2017
29161,4.7,2017
29163,4.5,2017
29165,3.6,2017
29167,4.8,2017
29169,5.4,2017
29171,4.5,2017
29173,4,2017
29175,5.2,2017
29177,4.9,2017
29179,6.5,2017
29181,7,2017
29183,3.5,2017
29185,6.3,2017
29186,4.6,2017
29187,5.5,2017
29189,4.2,2017
29195,4.7,2017
29197,6.3,2017
29199,4.1,2017
29201,5.7,2017
29203,7.4,2017
29205,4.1,2017
29207,6.4,2017
29209,7,2017
29211,5.8,2017
29213,7.4,2017
29215,6.2,2017
29217,4.8,2017
29219,4.2,2017
29221,6.3,2017
29223,5.4,2017
29225,4.9,2017
29227,3,2017
29229,5.9,2017
29510,5.4,2017
30001,3.3,2017
30003,7.2,2017
30005,4.6,2017
30007,4.9,2017
30009,3.9,2017
30011,2.9,2017
30013,4,2017
30015,3.8,2017
30017,3.5,2017
30019,2.6,2017
30021,3.9,2017
30023,3.8,2017
30025,3.6,2017
30027,3.9,2017
30029,5.6,2017
30031,2.8,2017
30033,2.8,2017
30035,8.6,2017
30037,4.4,2017
30039,5.9,2017
30041,4.3,2017
30043,4.6,2017
30045,3.4,2017
30047,4.7,2017
30049,3.3,2017
30051,3.1,2017
30053,9,2017
30055,2,2017
30057,3.8,2017
30059,4,2017
30061,7.6,2017
30063,3.7,2017
30065,5.1,2017
30067,4.3,2017
30069,4.8,2017
30071,5.3,2017
30073,4.2,2017
30075,2.3,2017
30077,5,2017
30079,3.4,2017
30081,4.8,2017
30083,5,2017
30085,5.3,2017
30087,5.5,2017
30089,7.8,2017
30091,3.3,2017
30093,4.3,2017
30095,4,2017
30097,3.1,2017
30099,3.7,2017
30101,3.5,2017
30103,4.5,2017
30105,3.4,2017
30107,5.1,2017
30109,3.8,2017
30111,3.6,2017
31001,3.3,2017
31003,2.7,2017
31005,6.2,2017
31007,3.8,2017
31009,4.5,2017
31011,2.8,2017
31013,3.8,2017
31015,3.2,2017
31017,3.9,2017
31019,2.6,2017
31021,3.8,2017
31023,3.3,2017
31025,3.5,2017
31027,2.7,2017
31029,2.2,2017
31031,2.4,2017
31033,3,2017
31035,3.3,2017
31037,3,2017
31039,3,2017
31041,2.5,2017
31043,4.3,2017
31045,3.1,2017
31047,3.1,2017
31049,2.8,2017
31051,3.5,2017
31053,3.2,2017
31055,3.5,2017
31057,2.3,2017
31059,2.9,2017
31061,3.1,2017
31063,3,2017
31065,2.9,2017
31067,3.5,2017
31069,3.4,2017
31071,2.8,2017
31073,2.7,2017
31075,2.4,2017
31077,3.3,2017
31079,3.8,2017
31081,2.9,2017
31083,2.6,2017
31085,2.5,2017
31087,3.8,2017
31089,2.6,2017
31091,3.8,2017
31093,3.5,2017
31095,2.5,2017
31097,3.3,2017
31099,2.5,2017
31101,3.1,2017
31103,2.1,2017
31105,4.3,2017
31107,3.2,2017
31109,2.9,2017
31111,3.2,2017
31113,2.9,2017
31115,3.6,2017
31117,2.4,2017
31119,2.9,2017
31121,3.8,2017
31123,3.4,2017
31125,2.8,2017
31127,3.8,2017
31129,3.1,2017
31131,3.5,2017
31133,2.4,2017
31135,2.3,2017
31137,2.6,2017
31139,2.8,2017
31141,3.7,2017
31143,2.8,2017
31145,3,2017
31147,3.4,2017
31149,2.7,2017
31151,3.2,2017
31153,3,2017
31155,3.2,2017
31157,3.6,2017
31159,3,2017
31161,3,2017
31163,3.3,2017
31165,2.8,2017
31167,2.7,2017
31169,2.6,2017
31171,3.4,2017
31173,5,2017
31175,3,2017
31177,3.3,2017
31179,2.8,2017
31181,3.3,2017
31183,2.3,2017
31185,2.8,2017
32001,5.4,2017
32003,5.8,2017
32005,5.6,2017
32007,4.5,2017
32009,4.5,2017
32011,4.6,2017
32013,5.4,2017
32015,6.2,2017
32017,5.1,2017
32019,7.4,2017
32021,6.6,2017
32023,7.3,2017
32027,5.9,2017
32029,6.3,2017
32031,5,2017
32033,4.6,2017
32510,6.1,2017
33001,2.8,2017
33003,3,2017
33005,2.7,2017
33007,3.9,2017
33009,2.4,2017
33011,3,2017
33013,2.5,2017
33015,3,2017
33017,2.5,2017
33019,2.4,2017
34001,7.4,2017
34003,4.2,2017
34005,4.4,2017
34007,5.5,2017
34009,9.8,2017
34011,7.5,2017
34013,6,2017
34015,5.1,2017
34017,4.7,2017
34019,3.8,2017
34021,4.3,2017
34023,4.4,2017
34025,4.4,2017
34027,3.9,2017
34029,5.2,2017
34031,6.1,2017
34033,6.3,2017
34035,4.1,2017
34037,4.7,2017
34039,5.2,2017
34041,4.6,2017
35001,5.8,2017
35003,8.2,2017
35005,6.8,2017
35006,8.3,2017
35007,6.1,2017
35009,5.1,2017
35011,4.9,2017
35013,7.2,2017
35015,6.6,2017
35017,6.6,2017
35019,6.5,2017
35021,7.2,2017
35023,5.7,2017
35025,9.5,2017
35027,6,2017
35028,4.2,2017
35029,14.7,2017
35031,9.5,2017
35033,8.8,2017
35035,6,2017
35037,6.9,2017
35039,7.5,2017
35041,5.7,2017
35043,6.7,2017
35045,8.9,2017
35047,7.7,2017
35049,5.4,2017
35051,8.5,2017
35053,7.5,2017
35055,8.5,2017
35057,9.1,2017
35059,4.1,2017
35061,7.2,2017
36001,4,2017
36003,6.2,2017
36005,7.1,2017
36007,5.4,2017
36009,5.9,2017
36011,5,2017
36013,5.8,2017
36015,5.7,2017
36017,5,2017
36019,5.3,2017
36021,3.7,2017
36023,5.7,2017
36025,5.5,2017
36027,4.2,2017
36029,4.9,2017
36031,5.3,2017
36033,5.6,2017
36035,5.7,2017
36037,4.6,2017
36039,5,2017
36041,6.5,2017
36043,5.5,2017
36045,6.2,2017
36047,5.3,2017
36049,6.7,2017
36051,4.9,2017
36053,5.2,2017
36055,4.7,2017
36057,5.7,2017
36059,3.9,2017
36061,4.5,2017
36063,5.8,2017
36065,4.8,2017
36067,4.5,2017
36069,4.3,2017
36071,4.3,2017
36073,5.7,2017
36075,6.4,2017
36077,4.9,2017
36079,4,2017
36081,4.5,2017
36083,4.3,2017
36085,5.2,2017
36087,4.2,2017
36089,6.6,2017
36091,3.8,2017
36093,4.3,2017
36095,5.4,2017
36097,6,2017
36099,4.7,2017
36101,5.8,2017
36103,4.3,2017
36105,4.8,2017
36107,5.1,2017
36109,4.1,2017
36111,4.4,2017
36113,5.2,2017
36115,4.6,2017
36117,4.9,2017
36119,4.2,2017
36121,5.3,2017
36123,4.4,2017
37001,4.7,2017
37003,4.3,2017
37005,5.6,2017
37007,5.8,2017
37009,4.8,2017
37011,5,2017
37013,5.7,2017
37015,6.7,2017
37017,6.9,2017
37019,6.3,2017
37021,3.8,2017
37023,4.9,2017
37025,4.5,2017
37027,5.2,2017
37029,5.2,2017
37031,5.2,2017
37033,5.4,2017
37035,4.7,2017
37037,4.2,2017
37039,5.6,2017
37041,6.4,2017
37043,5.4,2017
37045,5.5,2017
37047,6.4,2017
37049,5.3,2017
37051,6.3,2017
37053,5.2,2017
37055,6.7,2017
37057,4.8,2017
37059,4.5,2017
37061,5.4,2017
37063,4.5,2017
37065,8.6,2017
37067,4.9,2017
37069,5.1,2017
37071,5.3,2017
37073,5.2,2017
37075,8.8,2017
37077,4.3,2017
37079,5.2,2017
37081,5.2,2017
37083,8,2017
37085,5.7,2017
37087,4.6,2017
37089,4.2,2017
37091,6.5,2017
37093,6.5,2017
37095,9.4,2017
37097,4.8,2017
37099,5.4,2017
37101,4.6,2017
37103,5.3,2017
37105,5.9,2017
37107,5.9,2017
37109,4.6,2017
37111,4.8,2017
37113,5.4,2017
37115,4.9,2017
37117,6.7,2017
37119,4.7,2017
37121,6.1,2017
37123,5.2,2017
37125,5,2017
37127,6.6,2017
37129,4.7,2017
37131,7.3,2017
37133,5.5,2017
37135,4.3,2017
37137,5.3,2017
37139,6.3,2017
37141,5.3,2017
37143,6.4,2017
37145,5.5,2017
37147,5.5,2017
37149,4.7,2017
37151,4.9,2017
37153,7,2017
37155,7.9,2017
37157,5.6,2017
37159,5.5,2017
37161,6.7,2017
37163,5.4,2017
37165,9.2,2017
37167,4.6,2017
37169,4.8,2017
37171,4.8,2017
37173,6.1,2017
37175,4.9,2017
37177,8.4,2017
37179,4.3,2017
37181,7.2,2017
37183,4.2,2017
37185,7.3,2017
37187,7.4,2017
37189,4.5,2017
37191,5.8,2017
37193,4.8,2017
37195,8.1,2017
37197,4.4,2017
37199,5.2,2017
38001,2.7,2017
38003,3.3,2017
38005,4.1,2017
38007,3.2,2017
38009,4.8,2017
38011,2.2,2017
38013,4.9,2017
38015,2.6,2017
38017,2.3,2017
38019,2.7,2017
38021,2,2017
38023,2.7,2017
38025,3.1,2017
38027,4.5,2017
38029,4.5,2017
38031,3.1,2017
38033,2.8,2017
38035,2.4,2017
38037,3.2,2017
38039,3,2017
38041,3.1,2017
38043,3.9,2017
38045,2.5,2017
38047,3.5,2017
38049,5.1,2017
38051,3.2,2017
38053,3.8,2017
38055,3.6,2017
38057,4.6,2017
38059,3.3,2017
38061,3.1,2017
38063,3.5,2017
38065,5.4,2017
38067,5.1,2017
38069,4.1,2017
38071,2.9,2017
38073,2.3,2017
38075,4.1,2017
38077,2.8,2017
38079,11,2017
38081,2,2017
38083,5.8,2017
38085,4.4,2017
38087,2.5,2017
38089,4,2017
38091,2.2,2017
38093,2.5,2017
38095,2.3,2017
38097,2.9,2017
38099,3.9,2017
38101,4.2,2017
38103,4,2017
38105,4.4,2017
39001,7.5,2017
39003,5,2017
39005,5,2017
39007,6,2017
39009,6.2,2017
39011,3.7,2017
39013,7.4,2017
39015,5.7,2017
39017,4.4,2017
39019,6.8,2017
39021,4.5,2017
39023,5.2,2017
39025,4.4,2017
39027,5.8,2017
39029,6.6,2017
39031,7,2017
39033,6,2017
39035,5.4,2017
39037,4.1,2017
39039,4.8,2017
39041,3.5,2017
39043,5.5,2017
39045,4.2,2017
39047,4.4,2017
39049,4,2017
39051,4.6,2017
39053,6.7,2017
39055,4.4,2017
39057,4.3,2017
39059,7,2017
39061,4.3,2017
39063,3.6,2017
39065,5,2017
39067,7.5,2017
39069,5.3,2017
39071,6.3,2017
39073,5.4,2017
39075,3.5,2017
39077,6.5,2017
39079,7.8,2017
39081,8.3,2017
39083,4.5,2017
39085,4.8,2017
39087,6.4,2017
39089,4.3,2017
39091,4.2,2017
39093,5.9,2017
39095,5.1,2017
39097,3.8,2017
39099,6.3,2017
39101,5,2017
39103,4.3,2017
39105,8.3,2017
39107,3.2,2017
39109,4.3,2017
39111,11.1,2017
39113,4.8,2017
39115,8.1,2017
39117,4.9,2017
39119,6,2017
39121,8.6,2017
39123,6.4,2017
39125,4.6,2017
39127,6.2,2017
39129,4.7,2017
39131,7.4,2017
39133,5,2017
39135,4.7,2017
39137,3.6,2017
39139,5.5,2017
39141,5.5,2017
39143,4.7,2017
39145,7.6,2017
39147,4.8,2017
39149,4.1,2017
39151,5.4,2017
39153,5,2017
39155,6.7,2017
39157,5.7,2017
39159,3.8,2017
39161,4,2017
39163,7,2017
39165,4.1,2017
39167,6.9,2017
39169,3.9,2017
39171,4.4,2017
39173,4.1,2017
39175,3.7,2017
40001,6,2017
40003,3.4,2017
40005,6.7,2017
40007,3.2,2017
40009,7.5,2017
40011,3.8,2017
40013,4.4,2017
40015,5.4,2017
40017,4,2017
40019,5.2,2017
40021,5.6,2017
40023,7.8,2017
40025,2.5,2017
40027,3.9,2017
40029,7.5,2017
40031,4.7,2017
40033,4.9,2017
40035,4.9,2017
40037,5.9,2017
40039,4.7,2017
40041,5,2017
40043,4.1,2017
40045,3.9,2017
40047,4.3,2017
40049,5.4,2017
40051,5,2017
40053,3.3,2017
40055,7.5,2017
40057,3.9,2017
40059,3.9,2017
40061,8.4,2017
40063,7.5,2017
40065,4.5,2017
40067,7.2,2017
40069,5.9,2017
40071,6.4,2017
40073,3.4,2017
40075,5.4,2017
40077,8.8,2017
40079,7,2017
40081,5.3,2017
40083,4.1,2017
40085,3.2,2017
40087,4.2,2017
40089,7.2,2017
40091,9,2017
40093,4.2,2017
40095,5.1,2017
40097,5.2,2017
40099,4.5,2017
40101,5.5,2017
40103,3.7,2017
40105,6.2,2017
40107,6.2,2017
40109,4.3,2017
40111,7.2,2017
40113,5.8,2017
40115,5.1,2017
40117,6.7,2017
40119,3.8,2017
40121,6.3,2017
40123,4.1,2017
40125,4.7,2017
40127,7.6,2017
40129,5.2,2017
40131,5.1,2017
40133,7.1,2017
40135,6.3,2017
40137,9.7,2017
40139,3.5,2017
40141,4.5,2017
40143,4.7,2017
40145,4.8,2017
40147,4.9,2017
40149,7.2,2017
40151,3.3,2017
40153,6.3,2017
41001,6.4,2017
41003,3.9,2017
41005,4.4,2017
41007,4.8,2017
41009,6.2,2017
41011,6.5,2017
41013,7,2017
41015,6.9,2017
41017,4.9,2017
41019,6.4,2017
41021,5.9,2017
41023,7.8,2017
41025,6.3,2017
41027,4.2,2017
41029,5.8,2017
41031,6.7,2017
41033,6.6,2017
41035,6.9,2017
41037,6.4,2017
41039,5.1,2017
41041,5.7,2017
41043,5.8,2017
41045,5.6,2017
41047,5.1,2017
41049,5,2017
41051,4.3,2017
41053,5.1,2017
41055,4.6,2017
41057,5,2017
41059,5.4,2017
41061,5.9,2017
41063,6.7,2017
41065,4.9,2017
41067,4.2,2017
41069,4.3,2017
41071,4.7,2017
42001,4,2017
42003,5.2,2017
42005,7.6,2017
42007,6.3,2017
42009,5.9,2017
42011,5,2017
42013,5.3,2017
42015,6.6,2017
42017,4.6,2017
42019,5.1,2017
42021,6.9,2017
42023,7.5,2017
42025,6,2017
42027,4.2,2017
42029,3.9,2017
42031,6.4,2017
42033,7.4,2017
42035,7.1,2017
42037,5.6,2017
42039,6,2017
42041,4.1,2017
42043,4.8,2017
42045,4.9,2017
42047,5.6,2017
42049,6.6,2017
42051,8.2,2017
42053,8,2017
42055,5.2,2017
42057,6.4,2017
42059,7.8,2017
42061,7.1,2017
42063,7.3,2017
42065,6.9,2017
42067,5.4,2017
42069,5.7,2017
42071,4.2,2017
42073,6.8,2017
42075,4.5,2017
42077,5.4,2017
42079,6.4,2017
42081,6.7,2017
42083,6.7,2017
42085,6,2017
42087,5.8,2017
42089,6.3,2017
42091,4.2,2017
42093,4.3,2017
42095,5.2,2017
42097,6.3,2017
42099,4.7,2017
42101,6.8,2017
42103,6.4,2017
42105,7.9,2017
42107,6.2,2017
42109,4.7,2017
42111,7.3,2017
42113,7.2,2017
42115,5.7,2017
42117,7.2,2017
42119,4.8,2017
42121,7.3,2017
42123,5.5,2017
42125,6.2,2017
42127,5.9,2017
42129,5.9,2017
42131,6.2,2017
42133,4.7,2017
44001,4.6,2017
44003,4.8,2017
44005,4.7,2017
44007,5.7,2017
44009,4.8,2017
45001,5.3,2017
45003,4.8,2017
45005,8.5,2017
45007,4.4,2017
45009,9,2017
45011,7,2017
45013,4.6,2017
45015,4.4,2017
45017,6,2017
45019,3.9,2017
45021,5.7,2017
45023,6.9,2017
45025,4.8,2017
45027,6.3,2017
45029,5.4,2017
45031,6,2017
45033,6.6,2017
45035,4.4,2017
45037,5.5,2017
45039,7,2017
45041,5.1,2017
45043,6.5,2017
45045,4.1,2017
45047,5,2017
45049,5.7,2017
45051,5.6,2017
45053,4.2,2017
45055,5.1,2017
45057,5.2,2017
45059,5,2017
45061,6.9,2017
45063,4,2017
45065,5.5,2017
45067,8.4,2017
45069,8.2,2017
45071,4.4,2017
45073,5,2017
45075,8.6,2017
45077,4.8,2017
45079,4.7,2017
45081,4.4,2017
45083,4.6,2017
45085,5.7,2017
45087,6,2017
45089,7.5,2017
45091,4.5,2017
46003,2.1,2017
46005,2.5,2017
46007,3.7,2017
46009,2.6,2017
46011,2.6,2017
46013,2.5,2017
46015,2.4,2017
46017,7.9,2017
46019,3.2,2017
46021,2.8,2017
46023,3,2017
46025,3.7,2017
46027,2.8,2017
46029,2.9,2017
46031,4.2,2017
46033,3.8,2017
46035,2.3,2017
46037,4.1,2017
46039,4.6,2017
46041,8.5,2017
46043,2.4,2017
46045,2.2,2017
46047,4.2,2017
46049,2.5,2017
46051,3.1,2017
46053,2.9,2017
46055,2.3,2017
46057,3.2,2017
46059,2,2017
46061,3.2,2017
46063,2.7,2017
46065,2.2,2017
46067,2.4,2017
46069,2.5,2017
46071,3.9,2017
46073,2.2,2017
46075,2.3,2017
46077,2.5,2017
46079,3.2,2017
46081,3.1,2017
46083,2,2017
46085,4.5,2017
46087,2.3,2017
46089,3.3,2017
46091,3.6,2017
46093,3,2017
46095,3.9,2017
46097,2.5,2017
46099,2.4,2017
46101,3.4,2017
46102,10,2017
46103,2.9,2017
46105,2.8,2017
46107,2.6,2017
46109,3.9,2017
46111,2.8,2017
46115,2.9,2017
46117,2.2,2017
46119,2.2,2017
46121,6.1,2017
46123,2.1,2017
46125,2.7,2017
46127,2.9,2017
46129,4.8,2017
46135,2.4,2017
46137,4.2,2017
47001,5,2017
47003,5.1,2017
47005,7.3,2017
47007,7.1,2017
47009,4.5,2017
47011,4.5,2017
47013,7,2017
47015,4.7,2017
47017,6.8,2017
47019,5.7,2017
47021,4,2017
47023,5.1,2017
47025,6.3,2017
47027,6.7,2017
47029,6.5,2017
47031,4.8,2017
47033,5.3,2017
47035,6,2017
47037,3.6,2017
47039,7,2017
47041,5.7,2017
47043,4.4,2017
47045,6.3,2017
47047,5.2,2017
47049,6.3,2017
47051,5,2017
47053,6,2017
47055,4.1,2017
47057,5.5,2017
47059,5.5,2017
47061,6.7,2017
47063,5.2,2017
47065,4.7,2017
47067,8,2017
47069,6.3,2017
47071,6.1,2017
47073,5.5,2017
47075,6.6,2017
47077,7,2017
47079,5.9,2017
47081,4.6,2017
47083,7.7,2017
47085,6.1,2017
47087,7.2,2017
47089,5.4,2017
47091,4.9,2017
47093,4.1,2017
47095,7.9,2017
47097,7.8,2017
47099,5.8,2017
47101,6.1,2017
47103,4.2,2017
47105,4.8,2017
47107,5.5,2017
47109,7.1,2017
47111,4.4,2017
47113,5,2017
47115,6.4,2017
47117,4.6,2017
47119,4.1,2017
47121,6.9,2017
47123,5.4,2017
47125,5.2,2017
47127,3.9,2017
47129,6.6,2017
47131,7.2,2017
47133,5.5,2017
47135,6.5,2017
47137,6.7,2017
47139,5.8,2017
47141,5,2017
47143,7.4,2017
47145,5.6,2017
47147,4.2,2017
47149,3.8,2017
47151,7.6,2017
47153,5.9,2017
47155,5,2017
47157,5.5,2017
47159,4.6,2017
47161,7,2017
47163,5.3,2017
47165,3.9,2017
47167,5.8,2017
47169,4.9,2017
47171,7.2,2017
47173,5.8,2017
47175,6.3,2017
47177,4.9,2017
47179,4.9,2017
47181,6.7,2017
47183,6.1,2017
47185,5.1,2017
47187,3.5,2017
47189,3.9,2017
48001,4.3,2017
48003,4.8,2017
48005,6,2017
48007,5.7,2017
48009,4.4,2017
48011,2.8,2017
48013,5.3,2017
48015,5.3,2017
48017,4.4,2017
48019,4.1,2017
48021,3.7,2017
48023,3.6,2017
48025,7.7,2017
48027,4.4,2017
48029,3.7,2017
48031,3.1,2017
48033,3.6,2017
48035,4.3,2017
48037,4.7,2017
48039,5.2,2017
48041,3.4,2017
48043,3.8,2017
48045,4.4,2017
48047,11.9,2017
48049,4.4,2017
48051,4.7,2017
48053,3.5,2017
48055,4.3,2017
48057,5.6,2017
48059,4.3,2017
48061,7.2,2017
48063,6.8,2017
48065,3.4,2017
48067,7.3,2017
48069,3.1,2017
48071,6.1,2017
48073,5.2,2017
48075,3.1,2017
48077,4.5,2017
48079,5.6,2017
48081,4.1,2017
48083,5.9,2017
48085,3.5,2017
48087,3.5,2017
48089,4.8,2017
48091,3.6,2017
48093,4.3,2017
48095,3.6,2017
48097,4,2017
48099,4.5,2017
48101,5.4,2017
48103,8.5,2017
48105,7.6,2017
48107,4.4,2017
48109,3.8,2017
48111,2.3,2017
48113,4,2017
48115,5.1,2017
48117,3.1,2017
48119,4,2017
48121,3.4,2017
48123,5.6,2017
48125,5.1,2017
48127,7.2,2017
48129,4.3,2017
48131,11.1,2017
48133,5.5,2017
48135,6.4,2017
48137,4.9,2017
48139,3.8,2017
48141,4.9,2017
48143,4.1,2017
48145,4.5,2017
48147,3.8,2017
48149,3.7,2017
48151,4.4,2017
48153,5.2,2017
48155,3.9,2017
48157,5,2017
48159,5,2017
48161,6.9,2017
48163,5,2017
48165,3.7,2017
48167,5.3,2017
48169,3.9,2017
48171,2.8,2017
48173,3.8,2017
48175,5.8,2017
48177,4.3,2017
48179,7,2017
48181,3.8,2017
48183,6.1,2017
48185,6.7,2017
48187,3.6,2017
48189,5.7,2017
48191,7.1,2017
48193,4.9,2017
48195,3.1,2017
48197,3.9,2017
48199,6.1,2017
48201,5.3,2017
48203,6.1,2017
48205,2.2,2017
48207,4.4,2017
48209,3.3,2017
48211,3.8,2017
48213,4.7,2017
48215,7.8,2017
48217,4.5,2017
48219,4.7,2017
48221,4.7,2017
48223,4,2017
48225,4.5,2017
48227,5.6,2017
48229,6.7,2017
48231,4.3,2017
48233,5.6,2017
48235,3.2,2017
48237,4.9,2017
48239,4.8,2017
48241,7.8,2017
48243,2.9,2017
48245,7,2017
48247,9.6,2017
48249,10.7,2017
48251,4.3,2017
48253,5.9,2017
48255,4.9,2017
48257,3.8,2017
48259,3.2,2017
48261,5.2,2017
48263,3,2017
48265,3.6,2017
48267,3.9,2017
48269,4,2017
48271,6,2017
48273,6.9,2017
48275,4.4,2017
48277,4.6,2017
48279,6.6,2017
48281,4.1,2017
48283,5.2,2017
48285,4.3,2017
48287,3.8,2017
48289,6.6,2017
48291,7.6,2017
48293,5.7,2017
48295,4.6,2017
48297,6,2017
48299,4.1,2017
48301,4.3,2017
48303,3.4,2017
48305,4,2017
48307,4.6,2017
48309,4,2017
48311,2.2,2017
48313,5.1,2017
48315,7.1,2017
48317,4.4,2017
48319,3.7,2017
48321,7.4,2017
48323,11.3,2017
48325,4.4,2017
48327,4.6,2017
48329,4.4,2017
48331,5.2,2017
48333,4.2,2017
48335,7.2,2017
48337,5,2017
48339,4.9,2017
48341,3,2017
48343,11,2017
48345,3.7,2017
48347,4.7,2017
48349,4.2,2017
48351,8.1,2017
48353,4.9,2017
48355,5.7,2017
48357,5.4,2017
48359,3,2017
48361,6.8,2017
48363,5.6,2017
48365,7.4,2017
48367,4.1,2017
48369,2.5,2017
48371,5.9,2017
48373,6.3,2017
48375,3.3,2017
48377,10.7,2017
48379,4,2017
48381,3,2017
48383,6.6,2017
48385,5.7,2017
48387,5.9,2017
48389,5.6,2017
48391,6.8,2017
48393,4.7,2017
48395,5,2017
48397,3.5,2017
48399,4.1,2017
48401,5.8,2017
48403,9.6,2017
48405,9.1,2017
48407,6.3,2017
48409,7.6,2017
48411,3.4,2017
48413,5.7,2017
48415,5.9,2017
48417,3.9,2017
48419,6,2017
48421,2.9,2017
48423,4.5,2017
48425,4.7,2017
48427,13.6,2017
48429,5.3,2017
48431,4.2,2017
48433,4.6,2017
48435,8,2017
48437,4.3,2017
48439,3.9,2017
48441,3.7,2017
48443,4.1,2017
48445,4.9,2017
48447,3.7,2017
48449,6.2,2017
48451,4.5,2017
48453,3.1,2017
48455,6.3,2017
48457,7.6,2017
48459,6.5,2017
48461,5.4,2017
48463,5.3,2017
48465,6.3,2017
48467,4.3,2017
48469,5.4,2017
48471,5.3,2017
48473,5.7,2017
48475,5.8,2017
48477,5.1,2017
48479,4.9,2017
48481,5,2017
48483,5,2017
48485,4.4,2017
48487,4.8,2017
48489,12.4,2017
48491,3.3,2017
48493,3.9,2017
48495,7.9,2017
48497,4.8,2017
48499,5.3,2017
48501,4.7,2017
48503,4.4,2017
48505,11,2017
48507,14.1,2017
49001,5,2017
49003,3.5,2017
49005,3.1,2017
49007,5.9,2017
49009,4.9,2017
49011,3.1,2017
49013,8.9,2017
49015,6.3,2017
49017,8.4,2017
49019,5.8,2017
49021,4.3,2017
49023,3.6,2017
49025,3.8,2017
49027,3.3,2017
49029,3,2017
49031,6,2017
49033,3.2,2017
49035,3.2,2017
49037,8,2017
49039,3.9,2017
49041,4.4,2017
49043,3.1,2017
49045,3.8,2017
49047,9.3,2017
49049,3,2017
49051,3.3,2017
49053,3.7,2017
49055,7.7,2017
49057,3.8,2017
50001,3.1,2017
50003,3.8,2017
50005,4.1,2017
50007,2.5,2017
50009,5.9,2017
50011,3.2,2017
50013,4,2017
50015,4.3,2017
50017,3.1,2017
50019,5.2,2017
50021,3.9,2017
50023,3.2,2017
50025,3.3,2017
50027,2.9,2017
51001,4.8,2017
51003,3.5,2017
51005,5.1,2017
51007,4.2,2017
51009,4.3,2017
51011,4.6,2017
51013,2.6,2017
51015,3.6,2017
51017,3.7,2017
51019,4.1,2017
51021,5.2,2017
51023,3.6,2017
51025,6,2017
51027,10.8,2017
51029,5.3,2017
51031,4.4,2017
51033,4.4,2017
51035,5.1,2017
51036,4.5,2017
51037,5,2017
51041,3.8,2017
51043,3.5,2017
51045,4.7,2017
51047,3.8,2017
51049,4.6,2017
51051,9.9,2017
51053,4.8,2017
51057,4.8,2017
51059,3.2,2017
51061,3.4,2017
51063,4,2017
51065,3.3,2017
51067,4.3,2017
51069,3.5,2017
51071,5.3,2017
51073,3.7,2017
51075,3.7,2017
51077,5.2,2017
51079,3.2,2017
51081,5.1,2017
51083,5.8,2017
51085,3.5,2017
51087,3.8,2017
51089,5.6,2017
51091,3.2,2017
51093,4.3,2017
51095,3.9,2017
51097,4.2,2017
51099,4.2,2017
51101,3.7,2017
51103,5.6,2017
51105,6.8,2017
51107,3.2,2017
51109,3.8,2017
51111,4.6,2017
51113,3.1,2017
51115,4,2017
51117,5.6,2017
51119,3.8,2017
51121,4,2017
51125,3.6,2017
51127,3.4,2017
51131,5.7,2017
51133,5.4,2017
51135,3.9,2017
51137,4,2017
51139,5.6,2017
51141,4.8,2017
51143,4.7,2017
51145,3.5,2017
51147,5.3,2017
51149,4.8,2017
51153,3.6,2017
51155,5.8,2017
51157,3.5,2017
51159,3.7,2017
51161,3.5,2017
51163,4.4,2017
51165,3.5,2017
51167,6.5,2017
51169,4.8,2017
51171,3.7,2017
51173,5.8,2017
51175,3.9,2017
51177,4.1,2017
51179,3.9,2017
51181,5.3,2017
51183,6.1,2017
51185,7.5,2017
51187,4,2017
51191,4.5,2017
51193,4.6,2017
51195,8.5,2017
51197,5.7,2017
51199,3.9,2017
51510,2.9,2017
51520,5.1,2017
51530,5.1,2017
51540,3.3,2017
51550,4.3,2017
51570,4.4,2017
51580,5.8,2017
51590,6,2017
51595,6.5,2017
51600,3,2017
51610,2.7,2017
51620,5.9,2017
51630,4.7,2017
51640,5,2017
51650,5.6,2017
51660,4.7,2017
51670,6.5,2017
51678,6.3,2017
51680,5.2,2017
51683,3.6,2017
51685,3.5,2017
51690,7.1,2017
51700,5.1,2017
51710,5.2,2018
51720,6.8,2018
51730,7.6,2018
51735,3.5,2018
51740,6.1,2018
51750,5.4,2018
51760,4.6,2018
51770,4.3,2018
51775,3.9,2018
51790,3.9,2018
51800,4.7,2018
51810,3.9,2018
51820,4.1,2018
51830,5.6,2018
51840,3.9,2018
53001,6.8,2018
53003,5.1,2018
53005,6.5,2018
53007,5.9,2018
53009,7.9,2018
53011,6.3,2018
53013,6.8,2018
53015,7.5,2018
53017,7.1,2018
53019,10.8,2018
53021,7.6,2018
53023,6,2018
53025,7.4,2018
53027,8.7,2018
53029,6,2018
53031,7.3,2018
53033,3.9,2018
53035,5.8,2018
53037,6,2018
53039,7.1,2018
53041,8.1,2018
53043,5.7,2018
53045,7.8,2018
53047,6.9,2018
53049,8.3,2018
53051,9.1,2018
53053,6.3,2018
53055,4.8,2018
53057,6.8,2018
53059,7.2,2018
53061,4.4,2018
53063,6.3,2018
53065,8.6,2018
53067,5.8,2018
53069,9,2018
53071,5.6,2018
53073,6,2018
53075,5.1,2018
53077,8,2018
54001,6.7,2018
54003,3.8,2018
54005,8.9,2018
54007,8.6,2018
54009,6.9,2018
54011,4.7,2018
54013,12.6,2018
54015,10.2,2018
54017,4.9,2018
54019,7.9,2018
54021,8.2,2018
54023,5.8,2018
54025,5.3,2018
54027,4.2,2018
54029,6.9,2018
54031,5.6,2018
54033,5.8,2018
54035,6.4,2018
54037,3.3,2018
54039,5.4,2018
54041,8.4,2018
54043,8.4,2018
54045,10.1,2018
54047,12.1,2018
54049,6.4,2018
54051,7.9,2018
54053,7.1,2018
54055,6.5,2018
54057,5.9,2018
54059,12.5,2018
54061,4.3,2018
54063,4.5,2018
54065,4.3,2018
54067,8.8,2018
54069,5.5,2018
54071,3.9,2018
54073,8.1,2018
54075,6.6,2018
54077,5.6,2018
54079,4.8,2018
54081,6.9,2018
54083,5.9,2018
54085,6.5,2018
54087,10.1,2018
54089,6.1,2018
54091,5.5,2018
54093,5.3,2018
54095,8.7,2018
54097,7.4,2018
54099,6.5,2018
54101,8.3,2018
54103,9.2,2018
54105,8.7,2018
54107,5.7,2018
54109,10.1,2018
55001,6.2,2018
55003,5.6,2018
55005,4.7,2018
55007,7.1,2018
55009,3.7,2018
55011,4.6,2018
55013,6.2,2018
55015,3.3,2018
55017,4.4,2018
55019,4,2018
55021,3.7,2018
55023,5,2018
55025,2.9,2018
55027,3.8,2018
55029,5.1,2018
55031,5.5,2018
55033,4.2,2018
55035,3.5,2018
55037,6.2,2018
55039,3.6,2018
55041,6.4,2018
55043,4.1,2018
55045,3.4,2018
55047,5,2018
55049,3.6,2018
55051,7.7,2018
55053,4.5,2018
55055,4,2018
55057,4.6,2018
55059,4.8,2018
55061,3.8,2018
55063,3.7,2018
55065,3.3,2018
55067,5.3,2018
55069,4.5,2018
55071,4.5,2018
55073,3.7,2018
55075,5.6,2018
55077,5.2,2018
55078,7.8,2018
55079,5.1,2018
55081,4,2018
55083,4.6,2018
55085,5,2018
55087,3.6,2018
55089,3.5,2018
55091,3.9,2018
55093,4.2,2018
55095,4.7,2018
55097,3.9,2018
55099,4.4,2018
55101,5.1,2018
55103,3.8,2018
55105,4.6,2018
55107,5.3,2018
55109,3.9,2018
55111,3.7,2018
55113,6.5,2018
55115,4.3,2018
55117,3.5,2018
55119,4.3,2018
55121,3.8,2018
55123,3.7,2018
55125,5.8,2018
55127,4.1,2018
55129,5.2,2018
55131,3.5,2018
55133,3.6,2018
55135,4.1,2018
55137,5.2,2018
55139,3.7,2018
55141,5,2018
56001,3.2,2018
56003,4.9,2018
56005,7.1,2018
56007,4.6,2018
56009,6.2,2018
56011,4.5,2018
56013,7.1,2018
56015,3.4,2018
56017,4.8,2018
56019,5.3,2018
56021,4.1,2018
56023,4.6,2018
56025,7.1,2018
56027,3.2,2018
56029,4.7,2018
56031,4.8,2018
56033,4.6,2018
56035,6.4,2018
56037,6,2018
56039,3.4,2018
56041,5.8,2018
56043,4.7,2018
56045,4.9,2018
72001,16.9,2018
72003,14,2018
72005,14.8,2018
72007,14.3,2018
72009,15,2018
72011,12.9,2018
72013,13.2,2018
72015,18.4,2018
72017,14.2,2018
72019,13,2018
72021,8.9,2018
72023,12.5,2018
72025,10.3,2018
72027,12.4,2018
72029,11.6,2018
72031,8.6,2018
72033,10,2018
72035,10.7,2018
72037,13,2018
72039,16.2,2018
72041,10.3,2018
72043,18.2,2018
72045,13.7,2018
72047,12.4,2018
72049,3.3,2018
72051,8,2018
72053,13.7,2018
72054,14.5,2018
72055,18.2,2018
72057,16.4,2018
72059,18.7,2018
72061,6,2018
72063,8.6,2018
72065,15.6,2018
72067,12.3,2018
72069,14.1,2018
72071,14.1,2018
72073,13.1,2018
72075,14.7,2018
72077,13.3,2018
72079,18.5,2018
72081,19.2,2018
72083,14.9,2018
72085,13.6,2018
72087,11.4,2018
72089,14.2,2018
72091,11.6,2018
72093,15.2,2018
72095,18.5,2018
72097,13.7,2018
72099,15.5,2018
72101,13.5,2018
72103,12.4,2018
72105,13,2018
72107,15.5,2018
72109,20.6,2018
72111,16.6,2018
72113,13.4,2018
72115,16,2018
72117,15.7,2018
72119,10.5,2018
72121,15.9,2018
72123,21.7,2018
72125,15.1,2018
72127,7.9,2018
72129,12.6,2018
72131,18.9,2018
72133,16.8,2018
72135,8.4,2018
72137,8.9,2018
72139,7.2,2018
72141,15.5,2018
72143,11.6,2018
72145,13.9,2018
72147,10.6,2018
72149,20.2,2018
72151,16.9,2018
72153,18.8,2018
